{"BCI": 3.587, "frequency_posterior_mean": 92.90468519358231, "instruments": "H1,L1", "hrss_posterior_mean": 9.9796305485448669e-23, "quality_posterior_mean": 4.5239446089661959, "hrss_posterior_median": 9.498887823654359e-23, "frequency_posterior_median": 92.8610922548433, "timeslides_H1": "0.0", "Omicron_SNR_H1": 5.9342199999999998, "FAR": 4.3634619248956404e-08, "timeslides_L1": "0.0", "Omicron_SNR_Network": 8.9195915011999993, "Omicron_SNR_L1": 6.6591399999999998, "BSN": 32.364011, "logBSN": 1.5100623401101592, "trials_factor": 3, "likelihood": null, "gpstime": "1222655466.48", "quality_posterior_median": 4.4500427669604896, "search_bin": "high_Q", "nevents": 1, "raw_FAR": 1.4544873082985469e-08}
